Title,Price,Location
"2BHK 896Sq. ft. flat with covered car parking, for sale in Eden Lake","₹ 36,00,000","TOLLYGUNGE, KOLKATA"
Car body cover available in wholesale market price,₹ 500,"PERIYAMET, CHENNAI"
"2022, 9450 kits, Leather seat cover, SUB woofer, and Spoiler","₹ 12,50,000","KANJIKODE, PALAKKAD"
i10 car cover,₹ 600,"HEBBAL, BENGALURU"
2bhk flat rent all amnites soc car parking covered ambegaon,"₹ 22,000","AMBEGAON, PUNE"
kist completed Car condition good new seat covers tire condition good,"₹ 3,50,000","TILAPTA, GREATER NOIDA"
Spacious 2BHK with covered car parking for rent,"₹ 18,000","MEDAVAKKAM, CHENNAI"
2bhk flat sale 70 lakh car parking covered Dattnagar ambegaon,"₹ 70,00,000","KATRAJ, PUNE"
Newly built house with covered car park( vegetarian),"₹ 22,000","KORATTUR KUPPU REDDY NAGAR, CHENNAI"
Large Size 3 bhk with cover Car parking at NIBM,"₹ 1,50,00,000","NIBM ROAD KONDHWA, PUNE"
Car seat cover Renault Duster,"₹ 3,500","PERAMBUR JAGANNATHAN COLONY, CHENNAI"
3BHK SUPER SPACIOUS VERY BIG FLAT FOR SALE WITH 2 COVERED CAR PARKING,"₹ 1,99,00,000","MIRA ROAD, MUMBAI"
Ambattur - Nolambur 2 BHK Flat for Sale with Covered Car Parking,"₹ 83,00,000","NOLAMBUR, CHENNAI"
Car cover for hatchback vehicle,"₹ 2,600","THARAMANI KANAGAM, CHENNAI"
"2BHK,Garden & Covered Car Parking - North Facing (100% வாஸ்து வீடு)","₹ 12,000","SRI PURAM, VELLORE"
Brembo brake caliper covers all colours available for all cars,₹ 699,"BEGUMPET, HYDERABAD"
1350 Sqft 3bhk flat with cover car parking space in greater mohali,"₹ 68,90,000","AIRPORT ROAD, MOHALI"
"Covered car parking with children play area, solar water heater, lift","₹ 12,000","CHINCHWAD, PUNE"
2 bhk flat with covered car parking in savy villa de,"₹ 62,00,000","RAJ NAGAR EXTENSION, GHAZIABAD"
2bhk flat with covered car parking for sale in Rajarhat Chowmatha,"₹ 42,00,000","RAJARHAT CHOWMATHA, KOLKATA"
Protege Car Cover for Hyundai Verna,₹ 500,"GOTTIGERE, BENGALURU"
1.5Bhk With Covered Car Parking at 1.05Cr++ in Raheja Lunaris Nerul E.,"₹ 1,05,00,000","KHARGHAR, NAVI MUMBAI"
2bhk & Covered Car Parking-SALE,"₹ 52,00,000","CHIKHALI, PUNE"
Newly build 75 Sq yards home with covered car parking,"₹ 33,00,111","DABUA COLONY, FARIDABAD"
75 Gaj newly constructed home with covered car parking,"₹ 33,00,001","NANGLA GURJAN, FARIDABAD"
First Floor with covered car park in ground,"₹ 30,000","JAGATHY, THIRUVANANTHAPURAM"
15’’ inch wheels cover for all cars,"₹ 1,500","UDAIPUR, RAJASTHAN"
Car Cover Compatible with Tata Tiago with Mirror Pocket Triple Stitch,₹ 599,"BURARI, DELHI"
Semi furnished flat with independent covered car parking,"₹ 24,000","CHOOLAIMEDU, CHENNAI"
2bhk flat for Sale with covered car parking,"₹ 47,00,000","PISOLI, PUNE"
Fully Furnished 2BHK With Covered Car Parking Near Technopark/Kinfra,"₹ 19,500","KAZHAKOOTTAM, THIRUVANANTHAPURAM"
2 BHK covered car park 30 feet road bank loan available,"₹ 50,00,000","THIRUVALLUR, CHENNAI"
30 feet road covered car park ground floor only 2BHK Salem and 51 lakh,"₹ 51,00,000","VEPPAMPATTU, CHENNAI"
2bhk family flat rent car parking covered Dattnagar ambegaon,"₹ 15,000","AMBEGAON, PUNE"
Sale Flat 1.30 cr 3 bhk 2 bath/covered car,"₹ 1,30,00,000","PERAMBUR, CHENNAI"
All cars side mirror cover abs plastic piano black batman style,"₹ 2,000","AKASHI NAGAR, GUWAHATI"
